{"players":[{"account_id":85742468,"player_slot":0,"team_number":0,"team_slot":0,"hero_id":30,"hero_variant":0,"item_0":180,"item_1":116,"item_2":37,"item_3":123,"item_4":36,"item_5":1,"backpack_0":43,"backpack_1":0,"backpack_2":0,"item_neutral":1598,"item_neutral2":1593,"kills":15,"deaths":3,"assists":24,"leaver_status":0,"last_hits":56,"denies":3,"gold_per_min":516,"xp_per_min":745,"level":23,"net_worth":24460,"aghanims_scepter":1,"aghanims_shard":1,"moonshard":0,"hero_damage":30354,"tower_damage":1250,"hero_healing":6699,"gold":4100,"gold_spent":21535,"ability_upgrades_arr":[5140,5138,5140,5138,5140,5141,5140,5138,5138,5139,5959,5139,5141,5139,5139,555,5141,1794],"personaname":"T3sticulaR_Canc3r","name":null,"last_login":null,"rank_tier":80,"computed_mmr":4131.79,"is_subscriber":false,"radiant_win":true,"start_time":1774798742,"duration":2503,"cluster":271,"lobby_type":7,"game_mode":22,"is_contributor":false,"patch":60,"region":3,"isRadiant":true,"win":1,"lose":0,"total_gold":21525,"total_xp":31078,"kills_per_min":0.3595685177786656,"kda":9.75,"abandons":0,"benchmarks":{"gold_per_min":{"raw":516,"pct":0.978742249778565},"xp_per_min":{"raw":745,"pct":0.8764393268379097},"kills_per_min":{"raw":0.3595685177786656,"pct":0.9397697077059345},"last_hits_per_min":{"raw":1.3423891330403515,"pct":0.6324180690876883},"hero_damage_per_min":{"raw":727.6228525769077,"pct":0.8224092116917626},"hero_healing_per_min":{"raw":160.58330003995206,"pct":0.5721877767936226},"tower_damage":{"raw":1250,"pct":0.8680248007085917}}},{"account_id":370230747,"player_slot":1,"team_number":0,"team_slot":1,"hero_id":39,"hero_variant":0,"item_0":121,"item_1":1856,"item_2":63,"item_3":273,"item_4":36,"item_5":123,"backpack_0":77,"backpack_1":41,"backpack_2":0,"item_neutral":1862,"item_neutral2":1586,"kills":20,"deaths":5,"assists":18,"leaver_status":0,"last_hits":341,"denies":3,"gold_per_min":725,"xp_per_min":1121,"level":27,"net_worth":33301,"aghanims_scepter":1,"aghanims_shard":1,"moonshard":0,"hero_damage":46591,"tower_damage":10419,"hero_healing":159,"gold":2011,"gold_spent":28685,"ability_upgrades_arr":[5175,5173,5175,5174,5173,5176,5173,5175,5175,5174,6115,5174,5176,5174,5173,629,5176,6856,965,1279],"personaname":"))","name":null,"last_login":null,"rank_tier":73,"computed_mmr":4062.37,"is_subscriber":false,"radiant_win":true,"start_time":1774798742,"duration":2503,"cluster":271,"lobby_type":7,"game_mode":22,"is_contributor":false,"patch":60,"region":3,"isRadiant":true,"win":1,"lose":0,"total_gold":30244,"total_xp":46764,"kills_per_min":0.4794246903715541,"kda":6.33,"abandons":0,"benchmarks":{"gold_per_min":{"raw":725,"pct":0.914365933551708},"xp_per_min":{"raw":1121,"pct":0.9007955077211044},"kills_per_min":{"raw":0.4794246903715541,"pct":0.9246607393542349},"last_hits_per_min":{"raw":8.174190970834998,"pct":0.8834815161441273},"hero_damage_per_min":{"raw":1116.8437874550539,"pct":0.7861488067384184},"hero_healing_per_min":{"raw":3.8114262884538554,"pct":0.8961160505381376},"tower_damage":{"raw":10419,"pct":0.9850257370145064}}},{"account_id":130419105,"player_slot":2,"team_number":0,"team_slot":2,"hero_id":64,"hero_variant":0,"item_0":1,"item_1":102,"item_2":180,"item_3":277,"item_4":100,"item_5":36,"backpack_0":4204,"backpack_1":218,"backpack_2":0,"item_neutral":1864,"item_neutral2":1592,"kills":15,"deaths":7,"assists":29,"leaver_status":0,"last_hits":97,"denies":3,"gold_per_min":472,"xp_per_min":750,"level":23,"net_worth":22230,"aghanims_scepter":1,"aghanims_shard":1,"moonshard":0,"hero_damage":28897,"tower_damage":7951,"hero_healing":0,"gold":3220,"gold_spent":16230,"ability_upgrades_arr":[1317,5297,1317,5297,5298,5300,1317,5297,1317,5297,6661,5298,5300,5298,5298,6186,5300,542],"personaname":"Mad Prince of Njarðlem","name":null,"last_login":"2025-05-10T01:55:55.532Z","rank_tier":71,"computed_mmr":3961.75,"is_subscriber":false,"radiant_win":true,"start_time":1774798742,"duration":2503,"cluster":271,"lobby_type":7,"game_mode":22,"is_contributor":false,"patch":60,"region":3,"isRadiant":true,"win":1,"lose":0,"total_gold":19690,"total_xp":31287,"kills_per_min":0.3595685177786656,"kda":5.5,"abandons":0,"benchmarks":{"gold_per_min":{"raw":472,"pct":0.9213483146067416},"xp_per_min":{"raw":750,"pct":0.8811354228267297},"kills_per_min":{"raw":0.3595685177786656,"pct":0.9887640449438202},"last_hits_per_min":{"raw":2.3252097483020377,"pct":0.6327616794795978},"hero_damage_per_min":{"raw":692.69676388334,"pct":0.911886457717327},"hero_healing_per_min":{"raw":0,"pct":0.589591957421644},"tower_damage":{"raw":7951,"pct":0.9591957421643997}}},{"account_id":227167807,"player_slot":3,"team_number":0,"team_slot":3,"hero_id":129,"hero_variant":0,"item_0":50,"item_1":1,"item_2":100,"item_3":96,"item_4":116,"item_5":36,"backpack_0":0,"backpack_1":0,"backpack_2":0,"item_neutral":1643,"item_neutral2":1585,"kills":4,"deaths":7,"assists":26,"leaver_status":0,"last_hits":237,"denies":5,"gold_per_min":507,"xp_per_min":797,"level":24,"net_worth":22990,"aghanims_scepter":1,"aghanims_shard":1,"moonshard":0,"hero_damage":19776,"tower_damage":6174,"hero_healing":1721,"gold":1280,"gold_spent":19620,"ability_upgrades_arr":[6495,6583,6583,6495,6583,1416,6583,6495,6495,1020,6582,6582,1416,6582,6582,6759,1416,6584],"personaname":"Clarity addict","name":null,"last_login":null,"rank_tier":75,"computed_mmr":4129.3,"is_subscriber":false,"radiant_win":true,"start_time":1774798742,"duration":2503,"cluster":271,"lobby_type":7,"game_mode":22,"is_contributor":false,"patch":60,"region":3,"isRadiant":true,"win":1,"lose":0,"total_gold":21150,"total_xp":33248,"kills_per_min":0.09588493807431082,"kda":3.75,"abandons":0,"benchmarks":{"gold_per_min":{"raw":507,"pct":0.7043973941368078},"xp_per_min":{"raw":797,"pct":0.758957654723127},"kills_per_min":{"raw":0.09588493807431082,"pct":0.31921824104234525},"last_hits_per_min":{"raw":5.681182580902917,"pct":0.7662866449511401},"hero_damage_per_min":{"raw":474.05513383939274,"pct":0.44299674267100975},"hero_healing_per_min":{"raw":41.254494606472235,"pct":0.9185667752442996},"tower_damage":{"raw":6174,"pct":0.988599348534202}}},{"account_id":144950113,"player_slot":4,"team_number":0,"team_slot":4,"hero_id":73,"hero_variant":0,"item_0":178,"item_1":50,"item_2":1,"item_3":137,"item_4":208,"item_5":116,"backpack_0":0,"backpack_1":0,"backpack_2":0,"item_neutral":1168,"item_neutral2":1577,"kills":9,"deaths":10,"assists":20,"leaver_status":0,"last_hits":478,"denies":9,"gold_per_min":988,"xp_per_min":907,"level":25,"net_worth":23598,"aghanims_scepter":0,"aghanims_shard":1,"moonshard":0,"hero_damage":24088,"tower_damage":48,"hero_healing":0,"gold":2593,"gold_spent":37385,"ability_upgrades_arr":[5366,5365,5365,5366,5365,5369,5365,5366,5366,1116,6101,1116,5369,1116,1116,1002,5369,1003,351],"personaname":"Low","name":null,"last_login":"2026-01-17T18:11:56.579Z","rank_tier":80,"computed_mmr":3918.22,"is_subscriber":false,"radiant_win":true,"start_time":1774798742,"duration":2503,"cluster":271,"lobby_type":7,"game_mode":22,"is_contributor":false,"patch":60,"region":3,"isRadiant":true,"win":1,"lose":0,"total_gold":41216,"total_xp":37837,"kills_per_min":0.21574111066719934,"kda":2.64,"abandons":0,"benchmarks":{"gold_per_min":{"raw":988,"pct":0.9117647058823529},"xp_per_min":{"raw":907,"pct":0.6841176470588235},"kills_per_min":{"raw":0.21574111066719937,"pct":0.7788235294117647},"last_hits_per_min":{"raw":11.458250099880145,"pct":0.8988235294117647},"hero_damage_per_min":{"raw":577.4190970834999,"pct":0.6641176470588235},"hero_healing_per_min":{"raw":0,"pct":0.9529411764705882},"tower_damage":{"raw":48,"pct":0.27294117647058824}}},{"player_slot":128,"team_number":1,"team_slot":0,"hero_id":97,"hero_variant":0,"item_0":48,"item_1":1,"item_2":100,"item_3":36,"item_4":277,"item_5":41,"backpack_0":0,"backpack_1":0,"backpack_2":0,"item_neutral":1862,"item_neutral2":1583,"kills":1,"deaths":15,"assists":11,"leaver_status":0,"last_hits":233,"denies":0,"gold_per_min":401,"xp_per_min":563,"level":20,